<?xml version="1.0" encoding="UTF-8" standalone="yes"?>
<addon id="script.module.phate89" name="phate89 helper module" version="1.3.0~beta7+matrix" provider-name="phate89">
	<requires>
		<import addon="xbmc.python" version="3.0.0" />
		<import addon="script.module.requests" version="2.9.1"/>
        <import addon="script.module.beautifulsoup4" version="4.3.1" />
        <import addon="script.module.simplejson" version="2.0.10"/>
		<import addon="script.module.html5lib" version="0.999.0"/>
		<import addon="script.module.kodi-six" version="0.0.5"/>
		<import addon="script.module.simplecache" version="1.0.14" />
	</requires>
	<extension point="xbmc.python.module" library="lib" />
	<extension point="xbmc.addon.metadata">
		<summary lang="en">Helper module</summary>
		<description lang="en">Helper module for addons</description>
		<summary lang="it">Helper module</summary>
		<description lang="it">Modulo di aiuto per gli addon</description>
		<platform>all</platform>
		<license>GPL-2.0-only</license>
		<source>https://github.com/typhoon51280/script.module.phate89</source>
	</extension>
</addon>
