<?xml version="1.0" encoding="UTF-8" standalone="yes"?>
<addon id="repository.typhoon51280" name="Typhoon51280 Kodi Repository" version="3.0.0" provider-name="typhoon51280">
    <extension point="xbmc.addon.repository" name="Typhoon51280 Kodi Repository">
        <dir minversion="17.9.0">
            <info compressed="false">https://raw.githubusercontent.com/typhoon51280/typhoon51280.github.io/main/zips/addons.xml</info>
            <checksum>https://raw.githubusercontent.com/typhoon51280/typhoon51280.github.io/main/zips/addons.xml.md5</checksum>
            <datadir zip="true">https://raw.githubusercontent.com/typhoon51280/typhoon51280.github.io/main/zips/</datadir>
        </dir>
        <dir minversion="18.9.0">
            <info compressed="false">https://raw.githubusercontent.com/typhoon51280/typhoon51280.github.io/matrix/zips/addons.xml</info>
            <checksum>https://raw.githubusercontent.com/typhoon51280/typhoon51280.github.io/matrix/zips/addons.xml.md5</checksum>
            <datadir zip="true">https://raw.githubusercontent.com/typhoon51280/typhoon51280.github.io/matrix/zips/</datadir>
        </dir>
        <dir minversion="19.9.0">
            <info compressed="false">https://raw.githubusercontent.com/typhoon51280/typhoon51280.github.io/nexus/zips/addons.xml</info>
            <checksum>https://raw.githubusercontent.com/typhoon51280/typhoon51280.github.io/nexus/zips/addons.xml.md5</checksum>
            <datadir zip="true">https://raw.githubusercontent.com/typhoon51280/typhoon51280.github.io/nexus/zips/</datadir>
        </dir>
    </extension>
    <extension point="xbmc.addon.metadata">
        <summary>Typhoon51280 Kodi Repository</summary>
        <description>This is the repository for typhoon51280 kodi addons under development</description>
        <disclaimer>The author is not responsible for the use of this addon. The author is not responsible for the content found using this addon. The author does not host or own any content found within this addon.[CR]The author is in no way affiliated with Kodi, Team Kodi, or the XBMC Foundation.[CR]This is a Non-profit resource, organized solely for educational purposes which is protected under the Fair-Use doctrine of the Copyright Act, Specifically section 107, which does promote freedom of expression, by permitting the unlicensed use of copyright-protected works.
        </disclaimer>
        <platform>all</platform>
        <assets>
            <icon>icon.png</icon>
            <fanart>fanart.jpg</fanart>
        </assets>
    </extension>
</addon>